android_cpu,android_mem
14.049526315789473,1184628.4563157896
