android_cpu,android_mem
15.22313852813853,1557311.3820995672
