android_cpu,android_mem
13.896086956521739,1175045.8824110671
