android_cpu,android_mem
13.540909090909091,1174588.8363636364
