android_cpu,android_mem
24.48885046113307,1167387.277585639
