android_cpu,android_mem
15.002937343358393,1192451.014160401
