android_cpu,android_mem
15.597142857142856,1226219.5095238094
