android_cpu,android_mem
14.459826839826837,1191752.7303030302
