android_cpu,android_mem
19.997309523809523,1188657.0502380952
